zcta5,puma12,pop10,afact
6390,3305,236,1
10001,3807,21102,1
10002,3809,81410,1
10003,3807,2966,0.053
10003,3808,13308,0.238
10003,3809,26184,0.467
10003,3810,13566,0.242
10004,3810,3089,1
10005,3810,7135,1
10006,3810,3011,1
10007,3809,854,0.122
10007,3810,6134,0.878
10009,3808,16538,0.27
10009,3809,44809,0.73
10010,3807,6088,0.191
10010,3808,25746,0.809
10011,3807,39275,0.77
10011,3810,11709,0.23
10012,3810,24090,1
10013,3809,5209,0.188
10013,3810,22491,0.812
10014,3807,315,0.01
10014,3810,31644,0.99
10016,3807,5151,0.095
10016,3808,49032,0.905
10017,3807,71,0.004
10017,3808,16504,0.996
10018,3807,5229,1
10019,3806,3891,0.091
10019,3807,38979,0.909
10021,3805,43631,1
10022,3805,1375,0.043
10022,3807,671,0.021
10022,3808,29878,0.936
10023,3806,60998,1
10024,3802,28,0
10024,3806,59255,1
10025,3802,30076,0.318
10025,3806,64524,0.682
10026,3802,632,0.019
10026,3803,33371,0.981
10027,3802,36021,0.603
10027,3803,23686,0.397
10028,3805,45141,1
10029,3804,76003,1
10030,3802,2152,0.08
10030,3803,24847,0.92
10031,3802,56438,1
10032,3801,55279,0.964
10032,3802,2052,0.036
10033,3801,53926,1
10034,3801,38908,1
10035,3803,1989,0.059
10035,3804,31980,0.941
10036,3807,24711,1
10037,3803,10247,0.588
10037,3804,7169,0.412
10038,3809,6471,0.319
10038,3810,13829,0.681
10039,3801,2,0
10039,3803,24525,1
10040,3801,41905,1
10044,3805,11661,1
10065,3805,32270,1
10069,3806,5199,1
10075,3805,26121,1
10103,3807,3,1
10119,3807,92,1
10128,3804,2417,0.04
10128,3805,58036,0.96
10162,3805,1685,1
10165,3808,2,1
10170,3808,2,1
10173,3807,2,1
10199,3807,9,1
10280,3810,7853,1
10282,3810,4783,1
10301,3902,1365,0.034
10301,3903,38341,0.966
10302,3903,19088,1
10303,3903,26337,1
10304,3902,14054,0.333
10304,3903,28139,0.667
10305,3902,28845,0.691
10305,3903,12904,0.309
10306,3901,26674,0.477
10306,3902,29235,0.523
10307,3901,14096,1
10308,3901,27357,1
10309,3901,32519,1
10310,3903,24962,1
10312,3901,59304,1
10314,3901,8,0
10314,3902,59517,0.696
10314,3903,25985,0.304
10451,3705,2684,0.059
10451,3708,21002,0.459
10451,3710,22027,0.482
10452,3707,3642,0.048
10452,3708,71729,0.952
10453,3706,1235,0.016
10453,3707,77074,0.984
10454,3710,37337,1
10455,3710,39665,1
10456,3705,42529,0.491
10456,3708,40143,0.464
10456,3710,3875,0.045
10457,3705,30035,0.426
10457,3707,34042,0.483
10457,3708,6419,0.091
10458,3705,24207,0.305
10458,3706,47412,0.596
10458,3707,7873,0.099
10459,3705,17466,0.369
10459,3710,29842,0.631
10460,3704,4377,0.076
10460,3705,42991,0.75
10460,3709,9943,0.173
10461,3703,24412,0.483
10461,3704,21238,0.421
10461,3709,4852,0.096
10462,3704,33700,0.445
10462,3705,561,0.007
10462,3709,41523,0.548
10463,3701,56926,0.838
10463,3706,2581,0.038
10463,3801,8463,0.125
10464,3702,133,0.029
10464,3703,4401,0.971
10465,3703,42021,0.995
10465,3709,209,0.005
10466,3702,67813,1
10467,3702,24805,0.256
10467,3704,32282,0.333
10467,3706,39973,0.412
10468,3701,28273,0.372
10468,3706,36204,0.476
10468,3707,11626,0.153
10469,3702,29581,0.444
10469,3703,3984,0.06
10469,3704,32167,0.483
10469,3705,899,0.013
10470,3702,15293,1
10471,3701,22922,1
10472,3709,66358,1
10473,3709,58519,1
10474,3710,12281,1
10475,3702,735,0.018
10475,3703,40196,0.982
10501,3103,1219,1
10502,3105,5487,1
10503,3105,108,1
10504,3103,7987,1
10505,3103,851,1
10506,3103,5790,1
10507,3103,6408,1
10509,3101,19434,0.996
10509,3103,73,0.004
10510,3102,9872,0.988
10510,3103,116,0.012
10511,3102,2246,1
10512,3101,25590,1
10514,3102,1202,0.101
10514,3103,10744,0.899
10516,3101,5289,1
10517,3102,539,1
10518,3103,1268,1
10519,3101,3,0.009
10519,3103,313,0.991
10520,3102,12678,0.99
10520,3103,132,0.01
10522,3105,10875,1
10523,3105,7444,1
10524,3101,4421,1
10526,3103,1809,1
10527,3103,908,1
10528,3104,12280,1
10530,3105,12604,1
10532,3102,4931,1
10533,3105,7322,1
10535,3103,555,1
10536,3103,10739,1
10537,3101,2264,0.937
10537,3102,152,0.063
10538,3104,16279,0.981
10538,3107,318,0.019
10541,3101,25135,0.954
10541,3103,1204,0.046
10543,3104,20135,1
10545,3102,141,1
10546,3103,1277,1
10547,3102,1434,0.188
10547,3103,6213,0.812
10548,3102,3487,1
10549,3103,16638,1
10550,3107,37144,1
10552,3107,19786,1
10553,3107,10170,1
10560,3103,4737,1
10562,3102,29643,0.932
10562,3103,2153,0.068
10566,3102,23570,1
10567,3102,19332,0.97
10567,3103,597,0.03
10570,3102,12680,1
10573,3104,38352,1
10576,3103,5116,1
10577,3104,6552,1
10578,3103,681,1
10579,3101,8675,1
10580,3104,17208,1
10583,3104,323,0.008
10583,3105,25194,0.646
10583,3106,2011,0.052
10583,3107,11454,0.294
10588,3101,82,0.036
10588,3103,2200,0.964
10589,3101,2590,0.306
10589,3103,5885,0.694
10590,3103,6767,1
10591,3102,10098,0.448
10591,3105,12442,0.552
10594,3102,5117,1
10595,3102,7722,0.942
10595,3105,473,0.058
10596,3102,1729,1
10597,3103,968,1
10598,3103,28647,1
10601,3105,11376,1
10603,3103,2009,0.118
10603,3105,15036,0.882
10604,3103,159,0.014
10604,3104,7147,0.635
10604,3105,3944,0.351
10605,3105,18126,1
10606,3105,16499,1
10607,3105,6824,1
10701,3105,23,0
10701,3106,63370,1
10703,3106,20301,1
10704,3106,30165,1
10705,3106,38777,1
10706,3105,8642,0.996
10706,3106,37,0.004
10707,3106,3600,0.357
10707,3107,6497,0.643
10708,3106,12595,0.593
10708,3107,8630,0.407
10709,3107,9292,1
10710,3106,25120,1
10801,3107,40827,1
10803,3107,12435,1
10804,3107,14146,1
10805,3107,18414,1
10901,3002,8052,0.343
10901,3003,15413,0.657
10910,2903,21,1
10911,2903,2,1
10913,3002,5532,1
10914,2903,414,1
10915,2902,119,1
10916,2902,4440,0.978
10916,2903,100,0.022
10917,2903,1968,1
10918,2902,117,0.01
10918,2903,11530,0.99
10919,2902,1040,1
10920,3001,8554,1
10921,2902,315,0.076
10921,2903,3820,0.924
10922,2903,1559,1
10923,3001,8732,1
10924,2902,12862,0.98
10924,2903,258,0.02
10925,2903,4539,1
10926,2903,3203,1
10927,3001,11910,1
10928,2903,4175,1
10930,2901,465,0.052
10930,2903,8493,0.948
10931,3003,1023,1
10932,2902,60,1
10933,2902,473,1
10940,2701,634,0.013
10940,2902,47784,0.987
10941,2901,11,0.001
10941,2902,13768,0.999
10950,2903,47226,1
10952,3002,7923,0.204
10952,3003,30994,0.796
10953,2901,252,1
10954,3001,6494,0.282
10954,3002,16551,0.718
10956,3001,30301,0.961
10956,3003,1220,0.039
10958,2902,3291,1
10960,3002,15093,1
10962,3002,5950,1
10963,2902,4298,1
10964,3002,1472,1
10965,3002,14791,1
10968,3002,2353,1
10969,2903,1267,1
10970,3001,8080,0.809
10970,3003,1913,0.191
10973,2902,2126,1
10974,3001,3,0.001
10974,3003,3149,0.999
10975,2903,281,1
10976,3002,2258,1
10977,3002,7903,0.134
10977,3003,51145,0.866
10979,2903,234,1
10980,3001,13383,1
10983,3002,5532,1
10984,3001,2842,1
10985,2902,58,1
10986,3001,1974,1
10987,2903,3395,1
10988,2902,896,1
10989,3001,6289,0.677
10989,3002,3004,0.323
10990,2903,20631,1
10992,2901,568,0.059
10992,2902,275,0.029
10992,2903,8778,0.912
10993,3001,4769,1
10994,3002,7085,1
10996,2903,6756,1
10998,2902,3122,1
11001,3204,3224,0.12
11001,3205,19437,0.723
11001,4105,4222,0.157
11003,3205,36704,0.888
11003,3211,4496,0.109
11003,4105,156,0.004
11004,4105,14016,1
11005,4105,1806,1
11010,3205,23821,1
11020,3201,5914,1
11021,3201,17729,1
11023,3201,9027,1
11024,3201,8002,1
11030,3201,17962,1
11040,3201,129,0.003
11040,3204,34379,0.843
11040,3205,4099,0.101
11040,4105,2175,0.053
11042,3201,520,1
11050,3201,30171,1
11096,3212,8344,1
11101,4101,15363,0.603
11101,4109,10121,0.397
11102,4101,34133,1
11103,4101,38581,0.995
11103,4109,199,0.005
11104,4109,27232,1
11105,4101,36688,1
11106,4101,38875,1
11109,4109,3523,1
11201,4004,45719,0.894
11201,4005,5409,0.106
11203,4009,810,0.011
11203,4010,60536,0.795
11203,4011,14828,0.195
11204,4014,28496,0.365
11204,4017,49638,0.635
11205,4003,12099,0.3
11205,4004,28267,0.7
11206,4001,20525,0.251
11206,4002,23281,0.285
11206,4003,37871,0.464
11207,4002,17408,0.186
11207,4007,29366,0.314
11207,4008,45892,0.491
11207,4009,720,0.008
11208,4008,94469,1
11209,4013,68853,1
11210,4009,20446,0.33
11210,4010,11639,0.188
11210,4015,29799,0.481
11210,4016,124,0.002
11211,4001,90117,1
11212,4007,58562,0.693
11212,4010,25122,0.297
11212,4011,816,0.01
11213,4006,49149,0.771
11213,4011,14618,0.229
11214,4017,80135,0.904
11214,4018,8495,0.096
11215,4005,53511,0.843
11215,4012,9977,0.157
11216,4003,27628,0.509
11216,4004,2707,0.05
11216,4006,23981,0.442
11217,4004,19970,0.557
11217,4005,12836,0.358
11217,4006,3075,0.086
11218,4012,14277,0.19
11218,4014,50869,0.676
11218,4015,10074,0.134
11219,4012,9649,0.105
11219,4013,14504,0.157
11219,4014,63563,0.689
11219,4017,4505,0.049
11220,4012,86201,0.865
11220,4013,13213,0.133
11220,4014,184,0.002
11221,4002,38669,0.49
11221,4003,40226,0.51
11222,4001,36934,1
11223,4016,27908,0.354
11223,4017,30790,0.391
11223,4018,20033,0.254
11224,4018,47621,1
11225,4011,56829,1
11226,4010,28606,0.282
11226,4011,20038,0.197
11226,4015,52928,0.521
11228,4013,25220,0.604
11228,4017,16568,0.396
11229,4009,1017,0.013
11229,4015,476,0.006
11229,4016,78525,0.981
11230,4014,20435,0.236
11230,4015,65362,0.756
11230,4016,611,0.007
11231,4004,674,0.02
11231,4005,32662,0.98
11232,4005,995,0.035
11232,4012,27270,0.965
11233,4003,15530,0.232
11233,4006,20245,0.302
11233,4007,31278,0.466
11234,4009,87757,1
11235,4016,40583,0.513
11235,4018,38549,0.487
11236,4007,372,0.004
11236,4008,787,0.008
11236,4009,82973,0.884
11236,4010,9745,0.104
11237,4001,1,0
11237,4002,49895,1
11238,4003,863,0.018
11238,4004,21242,0.431
11238,4005,589,0.012
11238,4006,26568,0.539
11239,4008,13393,1
11354,4103,54878,1
11355,4103,85871,1
11356,4103,23438,1
11357,4103,39150,1
11358,4103,23184,0.617
11358,4104,14362,0.383
11360,4103,14799,0.784
11360,4104,4085,0.216
11361,4104,28606,1
11362,4104,17823,1
11363,4104,6988,1
11364,4104,34482,0.998
11364,4106,73,0.002
11365,4103,3057,0.072
11365,4104,7637,0.181
11365,4106,31558,0.747
11366,4106,13532,1
11367,4103,3951,0.096
11367,4106,37076,0.903
11367,4107,20,0
11368,4102,51928,0.472
11368,4107,58003,0.528
11369,4102,38615,1
11370,3710,11091,0.279
11370,4101,6515,0.164
11370,4102,22082,0.556
11372,4102,66474,0.998
11372,4109,162,0.002
11373,4107,88118,0.874
11373,4108,855,0.008
11373,4109,11847,0.118
11374,4108,42400,0.972
11374,4110,1200,0.028
11375,4108,68733,1
11377,4101,4019,0.045
11377,4102,4240,0.047
11377,4109,80645,0.898
11377,4110,926,0.01
11378,4109,189,0.005
11378,4110,34792,0.995
11379,4110,34821,1
11385,4110,98592,1
11411,4105,18056,0.973
11411,4112,500,0.027
11412,4105,1675,0.048
11412,4112,33207,0.952
11413,4105,32323,0.831
11413,4112,6589,0.169
11414,4113,26148,1
11415,4111,19341,1
11416,4111,24142,0.971
11416,4113,719,0.029
11417,4111,1193,0.041
11417,4113,27774,0.959
11418,4111,36256,1
11419,4111,22988,0.487
11419,4113,24223,0.513
11420,4113,44354,1
11421,4111,39127,1
11422,4105,30425,1
11423,4106,7421,0.247
11423,4112,22566,0.753
11426,4105,17590,1
11427,4104,2869,0.122
11427,4105,15744,0.667
11427,4106,4850,0.206
11427,4112,130,0.006
11428,4105,18846,0.983
11428,4112,322,0.017
11429,4105,24753,0.986
11429,4112,352,0.014
11430,4113,184,1
11432,4106,35383,0.582
11432,4112,25426,0.418
11433,4112,32687,1
11434,4105,6901,0.117
11434,4112,52228,0.883
11435,4106,24124,0.449
11435,4112,29563,0.551
11436,4112,17949,1
11501,3204,19148,1
11507,3201,99,0.013
11507,3204,7307,0.987
11509,3212,2653,1
11510,3206,4,0
11510,3210,33044,1
11514,3204,4673,1
11516,3212,7556,1
11518,3212,10549,1
11520,3206,43341,1
11530,3205,27041,0.991
11530,3206,232,0.009
11542,3202,27633,1
11545,3202,12065,1
11547,3201,252,0.318
11547,3202,541,0.682
11548,3201,787,0.283
11548,3202,1993,0.717
11549,3206,2922,1
11550,3205,14,0
11550,3206,53905,0.955
11550,3210,2448,0.043
11550,3211,68,0.001
11552,3205,722,0.031
11552,3211,22894,0.969
11553,3206,26034,1
11554,3207,38132,1
11556,3206,17,1
11557,3211,71,0.009
11557,3212,7752,0.991
11558,3210,8370,1
11559,3212,8176,1
11560,3202,6464,1
11561,3210,2718,0.073
11561,3212,34562,0.927
11563,3210,26,0.001
11563,3211,20194,0.891
11563,3212,2446,0.108
11565,3211,8690,1
11566,3209,35321,1
11568,3201,2553,0.56
11568,3202,2002,0.44
11569,3210,1398,1
11570,3210,24919,0.935
11570,3211,1727,0.065
11572,3210,30574,1
11575,3206,15773,0.969
11575,3210,499,0.031
11576,3201,10175,0.823
11576,3202,237,0.019
11576,3204,1954,0.158
11577,3201,8759,0.71
11577,3204,3578,0.29
11579,3202,5055,1
11580,3205,1704,0.042
11580,3211,38409,0.958
11581,3211,11306,0.542
11581,3212,9538,0.458
11590,3202,1378,0.03
11590,3203,1036,0.023
11590,3204,29513,0.645
11590,3206,1748,0.038
11590,3207,12093,0.264
11596,3204,10480,1
11598,3212,13328,1
11691,4114,60035,1
11692,4114,18540,1
11693,4114,11916,1
11694,4114,20408,1
11697,4114,4079,1
11701,3313,27109,1
11702,3311,42,0.003
11702,3312,14456,0.997
11703,3312,16059,0.978
11703,3313,356,0.022
11704,3312,39324,0.978
11704,3313,898,0.022
11705,3309,8030,1
11706,3306,40,0.001
11706,3310,26241,0.42
11706,3311,36262,0.58
11709,3202,6669,1
11710,3209,34496,1
11713,3306,10059,0.967
11713,3307,342,0.033
11714,3203,14066,0.621
11714,3207,3407,0.15
11714,3208,5185,0.229
11715,3307,4514,0.95
11715,3309,238,0.05
11716,3309,10700,1
11717,3310,60745,1
11718,3311,3103,1
11719,3306,3589,1
11720,3308,29189,1
11721,3301,6292,1
11722,3310,34274,0.974
11722,3311,903,0.026
11724,3301,3220,1
11725,3302,6893,0.236
11725,3303,22257,0.764
11726,3313,19857,1
11727,3306,3172,0.109
11727,3307,25858,0.891
11729,3302,659,0.024
11729,3310,7,0
11729,3313,27366,0.976
11730,3311,14712,1
11731,3301,5421,0.18
11731,3302,24763,0.82
11732,3202,3430,1
11733,3304,18949,1
11735,3203,813,0.025
11735,3208,24802,0.773
11735,3313,6483,0.202
11738,3307,8224,0.466
11738,3308,9414,0.534
11739,3311,1223,1
11740,3301,5083,0.538
11740,3302,4371,0.462
11741,3308,5400,0.195
11741,3309,22255,0.805
11742,3307,8235,0.621
11742,3308,1801,0.136
11742,3309,3225,0.243
11743,3301,32496,0.77
11743,3302,9734,0.23
11746,3301,31575,0.471
11746,3302,34871,0.52
11746,3313,648,0.01
11747,3302,19803,1
11749,3309,10,0.003
11749,3310,3335,0.997
11751,3311,14961,1
11752,3310,4142,0.435
11752,3311,5389,0.565
11753,3202,9832,0.818
11753,3203,2182,0.182
11754,3303,18958,1
11755,3303,639,0.052
11755,3308,11748,0.948
11756,3203,79,0.002
11756,3207,42712,0.998
11757,3312,30635,0.67
11757,3313,15065,0.33
11758,3208,53804,1
11762,3208,22360,1
11763,3306,1868,0.066
11763,3307,26638,0.934
11764,3304,13200,1
11765,3202,737,1
11766,3304,11868,0.939
11766,3306,93,0.007
11766,3307,569,0.045
11766,3308,105,0.008
11767,3303,14465,0.996
11767,3309,65,0.004
11768,3301,18083,0.826
11768,3303,3819,0.174
11769,3309,6870,0.723
11769,3311,2636,0.277
11770,3306,9,0.066
11770,3311,128,0.934
11771,3202,10007,1
11772,3306,2524,0.056
11772,3307,41685,0.93
11772,3309,628,0.014
11776,3304,7518,0.31
11776,3307,4052,0.167
11776,3308,12665,0.523
11777,3304,8968,1
11778,3304,12709,1
11779,3303,52,0.001
11779,3308,19344,0.503
11779,3309,19025,0.495
11780,3303,15398,0.992
11780,3304,126,0.008
11782,3306,29,0.002
11782,3309,15785,0.998
11783,3207,5204,0.244
11783,3208,988,0.046
11783,3209,15096,0.709
11784,3307,4200,0.17
11784,3308,20455,0.83
11786,3304,6344,1
11787,3303,35772,1
11788,3303,6298,0.374
11788,3309,10523,0.626
11789,3304,7895,1
11790,3303,143,0.008
11790,3304,18368,0.992
11791,3202,14684,0.586
11791,3203,10392,0.414
11792,3304,1338,0.157
11792,3305,7185,0.843
11793,3207,12518,0.388
11793,3209,19780,0.612
11794,3304,3165,1
11795,3311,26030,1
11796,3309,4056,1
11797,3202,8904,0.985
11797,3203,137,0.015
11798,3312,93,0.006
11798,3313,15254,0.994
11801,3203,39553,1
11803,3203,28127,1
11804,3203,5010,1
11901,3305,27172,1
11930,3305,1343,1
11931,3305,151,1
11932,3305,1398,1
11933,3305,5692,0.832
11933,3306,1152,0.168
11934,3306,7263,1
11935,3305,3304,1
11937,3305,15398,1
11939,3305,926,1
11940,3306,5210,1
11941,3305,1072,0.54
11941,3306,914,0.46
11942,3305,4603,1
11944,3305,4299,1
11946,3305,14068,1
11947,3305,416,1
11948,3305,1123,1
11949,3305,219,0.015
11949,3306,14354,0.985
11950,3306,16268,1
11951,3306,13680,1
11952,3305,4637,1
11953,3304,18,0.001
11953,3306,11648,0.859
11953,3307,1887,0.139
11954,3305,3326,1
11955,3306,3285,1
11956,3305,349,1
11957,3305,743,1
11958,3305,635,1
11959,3305,939,1
11960,3305,1084,1
11961,3304,9166,0.714
11961,3306,3668,0.286
11962,3305,494,1
11963,3305,6622,1
11964,3305,1858,1
11965,3305,534,1
11967,3306,26583,1
11968,3305,11593,1
11970,3305,522,1
11971,3305,5818,1
11972,3305,1321,1
11973,3306,9,1
11975,3305,408,1
11976,3305,1565,1
11977,3305,2467,1
11978,3305,3255,1
11980,3306,4990,1
12007,2002,60,1
12008,1700,497,1
12009,2002,7164,1
12010,1600,27828,0.962
12010,1700,413,0.014
12010,1802,696,0.024
12015,2100,3010,1
12017,2100,435,1
12018,1900,7930,1
12019,1700,762,0.052
12019,1801,8441,0.573
12019,1802,5537,0.376
12020,1801,16972,0.544
12020,1802,14220,0.456
12022,1900,929,1
12023,403,382,0.174
12023,2002,1814,0.826
12024,2100,31,1
12025,1600,4964,0.902
12025,1802,541,0.098
12027,1700,683,0.176
12027,1802,3199,0.824
12028,300,378,0.323
12028,1900,794,0.677
12029,2100,1113,1
12031,403,175,1
12032,200,9,0.011
12032,1600,827,0.989
12033,1900,7851,1
12035,403,802,1
12036,403,228,1
12037,2100,4015,1
12040,1900,113,1
12041,2002,481,1
12042,2100,271,1
12043,403,8509,1
12045,2002,584,1
12046,2002,788,0.965
12046,2100,29,0.035
12047,2002,19664,1
12051,2100,7070,1
12052,1900,1568,1
12053,403,515,0.112
12053,1600,55,0.012
12053,1700,3560,0.776
12053,2002,457,0.1
12054,2002,16918,1
12056,1700,2310,1
12057,300,1398,0.762
12057,1900,437,0.238
12058,2100,1445,1
12059,2002,1632,1
12060,2100,1507,1
12061,1900,9050,1
12062,1900,1605,0.904
12062,2100,171,0.096
12063,1900,444,1
12064,403,563,1
12065,1801,38584,0.924
12065,1802,3192,0.076
12066,403,1102,0.514
12066,1600,656,0.306
12066,1700,385,0.18
12067,2002,1506,1
12068,1600,3201,1
12069,1600,256,1
12070,1600,1410,1
12071,403,270,1
12072,1600,2890,1
12074,1802,2963,1
12075,2100,3418,1
12076,403,1500,1
12077,2002,6246,1
12078,1600,23773,1
12083,2002,1286,0.339
12083,2100,2509,0.661
12084,2002,4271,1
12085,2002,479,1
12086,1600,1542,0.827
12086,1802,323,0.173
12087,2002,137,0.128
12087,2100,936,0.872
12089,1900,69,1
12090,1900,6262,1
12092,403,1304,1
12093,403,1321,0.793
12093,2203,345,0.207
12094,300,94,0.041
12094,1900,2174,0.959
12095,1600,12606,1
12106,2100,2193,1
12108,200,416,1
12110,2002,21908,1
12115,2100,189,1
12116,403,1920,1
12117,1600,3256,1
12118,1801,2824,0.203
12118,1802,10562,0.76
12118,1900,511,0.037
12120,2002,586,0.956
12120,2100,27,0.044
12121,1900,1916,1
12122,403,4400,0.96
12122,2002,182,0.04
12123,1900,5124,1
12124,2100,606,1
12125,2100,1373,1
12130,2100,987,1
12131,403,115,1
12132,2100,338,1
12134,200,595,0.169
12134,1600,1929,0.549
12134,1802,992,0.282
12136,2100,804,1
12137,1600,380,0.226
12137,1700,1299,0.774
12138,1900,3168,1
12139,200,295,1
12140,1900,1702,1
12143,2002,4811,0.937
12143,2100,326,0.063
12144,1900,20555,1
12147,2002,499,1
12148,1801,487,0.107
12148,1802,4082,0.893
12149,403,2474,1
12150,1700,914,1
12151,1801,696,0.983
12151,1802,12,0.017
12153,1900,814,1
12154,300,501,0.178
12154,1900,2317,0.822
12155,403,1845,0.933
12155,2203,132,0.067
12156,1900,696,0.821
12156,2100,152,0.179
12157,403,4033,0.993
12157,1700,22,0.005
12157,2002,6,0.001
12158,2002,6309,1
12159,2002,7896,1
12160,403,944,1
12161,2002,160,1
12164,200,365,1
12165,2100,175,1
12166,403,5,0.004
12166,1600,1358,0.996
12167,403,738,0.303
12167,2203,1700,0.697
12168,1900,1952,1
12169,1900,306,1
12170,1802,4945,1
12172,2100,405,1
12173,2100,1753,1
12174,2100,345,1
12175,403,797,1
12176,2100,198,1
12177,1600,518,1
12180,1900,53606,1
12182,1900,14733,1
12183,2002,2620,1
12184,1900,84,0.012
12184,2100,7064,0.988
12185,300,252,0.124
12185,1900,1785,0.876
12186,2002,6277,1
12187,403,697,1
12188,1801,10980,1
12189,2002,17568,1
12190,200,674,1
12192,2100,1722,1
12193,2002,2016,1
12194,403,207,1
12195,2100,154,1
12196,1900,3031,1
12197,403,2233,1
12198,1900,7903,1
12202,2001,9628,1
12203,2001,19665,0.657
12203,2002,10287,0.343
12204,2001,2740,0.373
12204,2002,4609,0.627
12205,2001,9272,0.344
12205,2002,17705,0.656
12206,2001,16395,1
12207,2001,1948,1
12208,2001,20702,1
12209,2001,10121,1
12210,2001,10158,1
12211,2001,878,0.078
12211,2002,10425,0.922
12222,2001,4894,0.754
12222,2002,1595,0.246
12302,1700,27125,0.983
12302,1802,457,0.017
12303,1700,19499,0.653
12303,2002,10358,0.347
12304,1700,18662,0.869
12304,2002,2820,0.131
12305,1700,5716,1
12306,1700,24883,0.971
12306,2002,753,0.029
12307,1700,7692,1
12308,1700,15335,1
12309,1700,24970,0.851
12309,2002,4373,0.149
12401,2701,295,0.008
12401,2702,34745,0.992
12404,2701,2785,0.823
12404,2702,600,0.177
12405,2100,780,1
12406,2203,716,0.87
12406,2701,107,0.13
12407,2100,173,1
12409,2701,804,1
12410,2701,397,1
12411,2702,497,1
12412,2701,673,1
12413,2100,2948,1
12414,2100,10510,1
12416,2701,277,1
12417,2702,581,1
12418,2100,537,1
12419,2702,722,1
12420,2701,363,1
12421,2203,470,1
12422,2100,339,1
12423,2100,1097,1
12424,2100,250,1
12427,2100,576,1
12428,2701,6602,1
12429,2702,281,1
12430,2100,258,0.216
12430,2203,936,0.784
12431,2100,1381,1
12432,2702,492,1
12433,2702,483,1
12434,2203,751,1
12435,2701,326,1
12436,2100,417,1
12438,2203,59,1
12439,2100,305,1
12440,2701,605,0.306
12440,2702,1375,0.694
12441,2203,47,0.412
12441,2701,67,0.588
12442,2100,953,1
12443,2702,3825,1
12444,2100,497,1
12446,2701,5061,1
12448,2701,388,1
12449,2702,3367,1
12450,2100,183,1
12451,2100,1674,1
12452,2100,213,1
12453,2702,366,1
12454,2100,297,1
12455,2203,1936,0.974
12455,2701,52,0.026
12456,2702,639,1
12457,2701,763,1
12458,2701,3232,1
12459,2203,161,1
12460,2100,277,1
12461,2701,1634,1
12463,2100,1484,1
12464,2701,1020,1
12465,2203,5,0.019
12465,2701,261,0.981
12466,2702,2471,1
12468,2100,980,0.946
12468,2203,56,0.054
12469,403,93,0.137
12469,2002,553,0.817
12469,2100,31,0.046
12470,2100,536,1
12471,2702,215,1
12472,2702,1572,1
12473,2100,861,1
12474,2203,1162,1
12475,2702,354,1
12477,2701,4,0
12477,2702,18783,1
12480,2100,65,0.103
12480,2701,569,0.897
12481,2701,1356,1
12482,2100,680,1
12483,2701,259,1
12484,2701,39,0.014
12484,2702,2694,0.986
12485,2100,865,1
12486,2702,1523,1
12487,2702,3268,1
12489,2701,1292,1
12490,2702,110,1
12491,2702,1675,1
12492,2100,271,1
12493,2702,495,1
12494,2701,764,1
12495,2701,265,1
12496,2100,1634,1
12498,2701,3877,0.799
12498,2702,974,0.201
12501,2801,2457,1
12502,2100,1164,1
12503,2100,775,1
12504,2801,1395,1
12507,2801,167,1
12508,2802,19880,1
12512,2802,127,1
12513,2100,651,1
12514,2801,2938,1
12515,2702,1549,1
12516,2100,1833,1
12517,2100,509,1
12518,2901,5870,1
12520,2901,3109,1
12521,2100,1644,1
12522,2801,5172,1
12523,2100,1798,1
12524,2802,15598,1
12525,2702,3311,1
12526,2100,3686,1
12527,2802,147,1
12528,2702,13344,1
12529,2100,2859,1
12530,2100,124,1
12531,2801,2067,0.574
12531,2802,882,0.245
12531,3101,652,0.181
12533,2801,3610,0.143
12533,2802,21642,0.855
12533,3101,55,0.002
12534,2100,17867,1
12538,2801,14578,1
12540,2801,7792,0.999
12540,2802,10,0.001
12542,2702,5670,0.959
12542,2901,243,0.041
12543,2901,2977,0.992
12543,2902,24,0.008
12545,2801,4763,1
12546,2100,190,0.063
12546,2801,2849,0.937
12547,2702,2891,1
12548,2702,1494,1
12549,2901,7844,0.769
12549,2902,2357,0.231
12550,2901,54447,1
12553,2901,24438,1
12561,2702,18308,1
12563,3101,8084,1
12564,2801,7338,1
12565,2100,1487,1
12566,2701,664,0.062
12566,2702,5324,0.495
12566,2901,9,0.001
12566,2902,4756,0.442
12567,2100,411,0.144
12567,2801,2443,0.856
12569,2801,9826,1
12570,2801,7699,1
12571,2100,721,0.073
12571,2801,9197,0.927
12572,2801,9123,1
12574,2801,329,1
12575,2901,2184,0.967
12575,2902,74,0.033
12577,2901,1224,0.603
12577,2903,805,0.397
12578,2801,2411,1
12580,2801,4402,1
12581,2801,2246,1
12582,2801,2265,0.366
12582,2802,3897,0.629
12582,3101,29,0.005
12583,2100,755,0.308
12583,2801,1696,0.692
12585,2801,885,1
12586,2702,12,0.001
12586,2901,12246,0.977
12586,2902,282,0.022
12589,2702,13836,0.803
12589,2901,3331,0.193
12589,2902,61,0.004
12590,2801,496,0.014
12590,2802,34606,0.986
12592,2801,1486,1
12594,2801,4275,1
12601,2801,4556,0.105
12601,2802,38842,0.895
12603,2801,9225,0.215
12603,2802,33585,0.785
12604,2802,586,1
12701,2701,11324,1
12719,2701,1207,1
12720,2701,172,1
12721,2701,5082,0.767
12721,2902,1545,0.233
12722,2701,158,1
12723,2701,1826,1
12724,2701,245,1
12725,2701,277,1
12726,2701,1162,1
12729,2701,92,0.049
12729,2902,1782,0.951
12732,2701,786,1
12733,2701,1446,1
12734,2701,867,1
12736,2701,118,1
12737,2701,1910,1
12738,2701,320,1
12740,2701,1886,1
12741,2701,351,1
12742,2701,181,1
12743,2701,389,1
12745,2701,178,1
12746,2902,937,1
12747,2701,1714,1
12748,2701,2076,1
12749,2701,300,1
12750,2701,187,1
12751,2701,1054,1
12752,2701,242,1
12754,2701,7221,1
12758,2203,8,0.002
12758,2701,4034,0.998
12759,2701,1649,1
12760,2203,269,0.558
12760,2701,213,0.442
12762,2701,512,1
12763,2701,942,1
12764,2701,1802,1
12765,2701,885,1
12766,2701,437,1
12767,2701,126,1
12768,2701,1131,1
12769,2701,253,1
12770,2701,296,1
12771,2902,14511,1
12775,2701,2297,1
12776,2203,717,0.329
12776,2701,1463,0.671
12777,2701,764,1
12778,2701,633,1
12779,2701,2460,1
12780,2701,43,0.019
12780,2902,2269,0.981
12781,2701,307,1
12783,2701,1668,1
12784,2701,94,1
12785,2701,526,0.514
12785,2902,498,0.486
12786,2701,665,1
12787,2701,452,1
12788,2701,2908,1
12789,2701,1838,1
12790,2701,4518,1
12791,2701,737,1
12792,2701,335,1
12801,300,14707,1
12803,1802,7567,1
12804,300,26540,1
12808,200,2,0.007
12808,300,304,0.993
12809,300,3528,1
12810,300,627,1
12811,300,127,1
12812,200,150,1
12814,300,1574,1
12815,300,871,1
12816,300,4610,1
12817,300,2274,1
12819,300,403,1
12821,300,2750,1
12822,1802,6200,1
12823,300,238,1
12824,300,894,1
12827,300,3877,1
12828,300,5758,0.609
12828,1802,3690,0.391
12831,1802,17416,1
12832,300,7106,1
12833,1801,13,0.003
12833,1802,4388,0.997
12834,300,6594,1
12835,300,48,0.018
12835,1802,2555,0.982
12836,200,13,0.023
12836,300,561,0.977
12837,300,857,1
12838,300,608,1
12839,300,13588,1
12841,300,77,1
12842,200,1166,1
12843,300,600,1
12844,300,199,1
12845,300,4842,1
12846,300,3298,1
12847,100,2,0.003
12847,200,603,0.997
12849,300,385,1
12850,1802,2835,1
12851,200,366,1
12852,200,436,1
12853,200,58,0.033
12853,300,1712,0.967
12855,200,259,1
12856,300,187,1
12857,200,450,0.904
12857,300,48,0.096
12858,200,59,1
12859,1802,2220,1
12860,300,748,1
12861,300,609,1
12862,300,17,1
12863,1802,533,1
12864,200,36,1
12865,300,3663,1
12866,1801,26631,0.721
12866,1802,10284,0.279
12870,200,1478,0.979
12870,300,31,0.021
12871,1802,4084,1
12872,200,31,1
12873,300,736,1
12874,300,142,1
12878,300,719,1
12883,200,5025,1
12884,1802,486,1
12885,300,4602,1
12886,300,269,1
12887,300,4972,1
12901,200,33439,1
12903,200,1217,1
12910,200,2148,1
12911,200,36,1
12912,200,1998,1
12913,200,1157,1
12914,100,101,0.097
12914,200,943,0.903
12916,200,2135,1
12917,200,1403,1
12918,200,2381,1
12919,200,3037,1
12920,200,2842,1
12921,200,2410,1
12922,100,65,1
12923,200,632,1
12924,200,158,1
12926,200,2208,1
12927,100,224,1
12928,200,2028,1
12929,200,3938,1
12930,100,12,0.019
12930,200,622,0.981
12932,200,1236,1
12933,200,17,1
12934,200,1074,1
12935,200,1748,1
12936,200,599,1
12937,200,1572,1
12939,200,205,1
12941,200,1428,1
12942,200,646,1
12943,200,459,1
12944,200,4080,1
12945,200,638,1
12946,200,5492,1
12950,200,929,1
12952,200,546,1
12953,200,15836,1
12955,200,381,1
12956,200,1259,1
12957,200,1726,1
12958,200,1929,1
12959,200,1369,1
12960,200,1148,1
12961,200,180,1
12962,200,5499,1
12964,200,161,1
12965,100,516,1
12966,200,2915,1
12967,100,1223,1
12969,200,423,1
12970,200,963,1
12972,200,6364,1
12973,100,187,1
12974,200,1599,1
12975,200,265,1
12976,200,260,1
12977,200,1753,1
12978,200,403,1
12979,200,2304,1
12980,100,193,0.148
12980,200,1111,0.852
12981,200,2253,1
12983,200,7494,1
12985,200,1072,1
12986,100,73,0.012
12986,200,6047,0.988
12987,200,201,1
12989,200,1010,1
12992,200,4778,1
12993,200,1623,1
12996,200,2086,1
12997,200,1239,1
12998,200,526,1
13020,704,150,1
13021,703,7,0
13021,704,39499,1
13024,704,1733,1
13026,704,1914,1
13027,702,31605,0.999
13027,704,32,0.001
13028,600,1350,1
13029,702,7109,1
13030,702,1766,0.454
13030,1500,2126,0.546
13031,703,15551,1
13032,1500,12790,1
13033,704,3556,1
13034,704,1989,1
13035,704,249,0.029
13035,1500,8368,0.971
13036,600,8680,1
13037,703,191,0.021
13037,1500,8706,0.979
13039,702,17537,1
13040,1500,2514,0.912
13040,2203,244,0.088
13041,702,10705,1
13042,401,1158,0.492
13042,600,1198,0.508
13044,600,2512,1
13045,704,646,0.021
13045,1500,29014,0.964
13045,2300,452,0.015
13051,704,153,1
13052,704,35,0.021
13052,1500,1374,0.818
13052,2203,270,0.161
13053,1500,528,0.105
13053,2300,4487,0.895
13054,401,1582,1
13057,702,298,0.02
13057,703,14694,0.98
13060,703,217,0.077
13060,704,2589,0.923
13061,1500,1040,1
13062,2300,173,1
13063,704,1898,1
13064,704,64,1
13066,703,12390,1
13068,2300,5368,1
13069,600,24931,1
13071,704,1023,1
13072,1500,867,0.772
13072,2203,256,0.228
13073,704,63,0.01
13073,2300,6360,0.99
13074,600,4333,0.965
13074,704,155,0.035
13076,600,2393,1
13077,704,248,0.037
13077,1500,6487,0.963
13078,703,6882,0.698
13078,704,2984,0.302
13080,704,3631,1
13081,704,1169,1
13082,702,206,0.042
13082,703,1787,0.367
13082,1500,2878,0.591
13083,500,20,0.011
13083,600,1789,0.989
13084,703,166,0.038
13084,704,4243,0.962
13087,1500,168,1
13088,702,12024,0.543
13088,703,10132,0.457
13090,702,30114,1
13090,703,10,0
13092,704,2362,0.906
13092,2300,244,0.094
13101,1500,2508,1
13102,2300,85,1
13103,600,326,1
13104,703,11701,0.752
13104,704,3829,0.246
13104,1500,37,0.002
13108,703,4972,0.805
13108,704,1203,0.195
13110,704,2338,1
13111,600,317,0.186
13111,704,1383,0.814
13112,702,1318,0.668
13112,703,98,0.05
13112,704,557,0.282
13113,704,287,1
13114,600,6356,1
13115,600,224,1
13116,703,3457,1
13117,704,188,1
13118,704,6382,1
13120,701,36,0.015
13120,703,1253,0.538
13120,704,1039,0.446
13122,704,180,0.153
13122,1500,994,0.847
13123,401,314,1
13124,2203,124,1
13126,600,37147,0.998
13126,704,58,0.002
13131,600,3895,1
13132,600,4244,1
13134,1500,119,1
13135,600,4968,0.751
13135,702,1649,0.249
13136,2203,534,1
13138,704,61,1
13140,704,4488,1
13141,704,148,0.248
13141,1500,448,0.752
13142,600,6451,1
13143,704,960,0.334
13143,800,1913,0.666
13144,600,1531,1
13145,600,1926,1
13146,800,2443,1
13147,704,1281,1
13148,800,10750,1
13152,703,3753,0.473
13152,704,4188,0.527
13153,703,399,1
13155,2203,663,1
13156,600,16,0.008
13156,704,1900,0.95
13156,800,84,0.042
13157,401,695,1
13158,704,36,0.019
13158,1500,1819,0.981
13159,704,4352,0.84
13159,1500,832,0.16
13160,704,2027,1
13162,401,385,1
13163,1500,339,1
13164,702,922,0.394
13164,703,1416,0.606
13165,800,10741,1
13166,704,5610,1
13167,600,3342,1
13202,701,5438,1
13203,701,16029,1
13204,701,19931,1
13205,701,18143,0.945
13205,703,1058,0.055
13206,701,14302,0.87
13206,703,2141,0.13
13207,701,13851,0.997
13207,703,46,0.003
13208,701,20136,0.881
13208,703,2718,0.119
13209,702,2069,0.156
13209,703,11174,0.844
13210,701,27486,0.996
13210,703,120,0.004
13211,703,6517,1
13212,702,6877,0.338
13212,703,13479,0.662
13214,701,1991,0.226
13214,703,6802,0.774
13215,701,482,0.032
13215,703,12404,0.814
13215,704,2359,0.155
13219,701,149,0.01
13219,703,15214,0.99
13224,701,7194,0.809
13224,703,1697,0.191
13301,401,98,1
13302,600,1610,1
13303,401,1153,1
13304,401,1684,1
13305,500,293,1
13308,401,2936,0.81
13308,402,689,0.19
13309,401,4953,0.841
13309,500,936,0.159
13310,1500,624,1
13312,500,331,1
13313,403,526,1
13314,1500,443,1
13315,403,1419,1
13316,401,6237,0.965
13316,500,183,0.028
13316,600,40,0.006
13317,403,15,0.004
13317,1600,3769,0.996
13318,403,1325,1
13319,402,1079,1
13320,403,2007,0.995
13320,1600,11,0.005
13321,402,1049,1
13322,403,1076,1
13323,402,11103,0.981
13323,403,220,0.019
13324,401,2149,1
13325,500,866,1
13326,403,5561,1
13327,500,2056,1
13328,402,252,0.199
13328,403,1015,0.801
13329,401,2867,0.737
13329,1600,1022,0.263
13331,401,189,1
13332,1500,1816,0.738
13332,2203,644,0.262
13333,403,62,1
13334,1500,1374,1
13335,403,1590,1
13337,403,790,1
13338,401,1206,1
13339,401,626,0.09
13339,1600,6315,0.91
13340,401,7836,0.955
13340,403,369,0.045
13341,402,102,1
13342,403,165,1
13343,500,1658,1
13345,500,177,1
13346,1500,6735,1
13348,403,1469,1
13350,401,10093,1
13352,401,65,1
13353,200,86,1
13354,401,3264,0.977
13354,402,78,0.023
13355,1500,905,1
13357,401,9619,0.867
13357,403,1477,0.133
13360,200,333,1
13361,401,279,0.339
13361,403,545,0.661
13362,403,60,1
13363,401,2315,1
13364,1500,243,1
13365,401,8906,1
13367,401,21,0.002
13367,500,8809,0.998
13368,500,1118,1
13402,403,19,0.012
13402,1500,1515,0.988
13403,401,21,0.003
13403,402,7351,0.997
13404,500,236,1
13406,401,725,1
13407,401,5005,0.918
13407,403,448,0.082
13408,1500,4280,1
13409,1500,2374,1
13410,1600,241,1
13411,403,1338,0.41
13411,2203,1926,0.59
13413,401,218,0.014
13413,402,15917,0.986
13415,403,77,1
13416,401,2271,1
13417,402,3305,1
13418,1500,255,1
13420,401,1266,1
13421,401,2384,0.169
13421,1500,11741,0.831
13424,402,2725,1
13425,403,1831,0.929
13425,1500,139,0.071
13428,1600,1635,1
13431,401,2069,1
13433,500,1820,1
13435,401,286,1
13436,200,108,1
13437,500,46,0.1
13437,600,414,0.9
13438,401,3789,1
13439,403,3950,1
13440,401,6991,0.163
13440,402,35995,0.837
13441,402,51,1
13450,403,104,1
13452,1600,4629,1
13454,401,826,1
13456,401,148,0.036
13456,402,543,0.13
13456,403,3473,0.834
13459,403,2144,0.965
13459,1600,78,0.035
13460,1500,17,0.004
13460,2203,4412,0.996
13461,401,3083,1
13464,2203,1189,1
13468,403,451,1
13469,401,286,0.338
13469,402,561,0.662
13470,401,124,0.171
13470,1600,601,0.829
13471,401,3489,0.986
13471,402,7,0.002
13471,500,44,0.012
13472,401,310,1
13473,500,766,1
13475,401,28,1
13476,401,2493,0.822
13476,402,539,0.178
13477,401,1220,0.84
13477,402,26,0.018
13477,403,206,0.142
13478,401,2869,0.931
13478,402,214,0.069
13480,403,3455,0.978
13480,1500,77,0.022
13483,401,256,1
13484,1500,176,1
13485,403,235,0.208
13485,1500,785,0.693
13485,2203,112,0.099
13486,401,815,1
13488,403,98,1
13489,401,24,0.036
13489,500,634,0.964
13490,402,1361,1
13491,403,3232,0.888
13491,1500,409,0.112
13492,402,11596,1
13493,600,2070,1
13494,401,314,1
13495,402,2144,1
13501,402,38546,1
13502,401,3919,0.118
13502,402,29338,0.882
13601,500,38158,1
13602,500,3881,1
13603,500,9760,1
13605,500,4777,1
13606,500,2716,1
13607,500,1822,1
13608,100,257,0.15
13608,500,1462,0.85
13612,500,2852,1
13613,100,2726,1
13614,100,357,1
13615,500,1271,1
13616,500,1880,1
13617,100,11299,1
13618,500,1711,1
13619,500,10901,1
13620,500,2197,1
13621,100,650,1
13622,500,2432,1
13623,100,49,1
13624,500,5457,1
13625,100,1868,1
13626,500,2267,1
13628,500,220,1
13630,100,1525,1
13633,100,345,1
13634,500,3984,1
13635,100,1092,1
13636,500,282,1
13637,500,4491,1
13638,500,378,1
13639,100,243,1
13640,500,271,1
13641,500,91,1
13642,100,10029,0.994
13642,500,59,0.006
13643,500,19,1
13646,100,2198,0.994
13646,500,13,0.006
13647,100,69,1
13648,100,998,0.412
13648,500,1426,0.588
13650,500,1391,1
13651,500,127,1
13652,100,1815,1
13654,100,2461,1
13655,100,170,0.048
13655,200,3342,0.952
13656,500,2861,1
13658,100,2357,1
13659,500,593,1
13660,100,1891,1
13661,500,1600,0.972
13661,600,46,0.028
13662,100,16582,1
13664,100,399,1
13665,500,882,1
13666,100,266,1
13667,100,3181,1
13668,100,3329,1
13669,100,16452,1
13670,100,430,1
13672,100,602,1
13673,500,2249,1
13674,500,126,1
13675,500,160,1
13676,100,16646,1
13677,100,93,1
13678,100,211,1
13679,100,152,0.082
13679,500,1701,0.918
13680,100,1244,1
13681,100,897,1
13682,500,877,1
13684,100,1131,1
13685,500,2272,1
13687,100,479,1
13690,100,846,1
13691,500,3176,1
13692,500,27,1
13693,500,503,1
13694,100,1507,1
13695,100,134,1
13696,100,87,1
13697,100,2281,1
13730,2203,2805,1
13731,2203,1162,1
13732,2202,8153,1
13733,403,203,0.039
13733,2203,5013,0.961
13734,2202,2287,1
13736,2202,2036,0.871
13736,2300,302,0.129
13739,2203,953,1
13740,2203,554,1
13743,2202,3806,1
13744,2202,1137,1
13746,2202,2135,0.841
13746,2203,404,0.159
13748,2202,3800,1
13750,2203,1092,1
13751,2203,189,1
13752,2203,782,1
13753,2203,5848,1
13754,2203,3310,1
13755,2203,1228,1
13756,2203,613,1
13757,2203,1045,1
13760,2201,35822,0.809
13760,2202,8442,0.191
13774,2203,201,1
13775,2203,1631,1
13776,403,513,1
13777,2202,727,1
13778,2202,67,0.011
13778,2203,5881,0.989
13780,2203,1045,1
13782,2203,755,1
13783,2203,2670,1
13784,1500,172,1
13786,2203,464,1
13787,2203,3629,1
13788,2203,991,1
13790,2201,16247,0.85
13790,2202,2857,0.15
13794,2202,105,1
13795,2202,3487,0.918
13795,2203,313,0.082
13796,403,1236,1
13797,2202,2250,1
13801,2203,1398,1
13802,2202,718,1
13803,1500,3637,0.915
13803,2202,338,0.085
13804,2203,391,1
13806,2203,205,1
13807,403,1199,1
13808,403,1771,1
13809,403,518,0.341
13809,2203,999,0.659
13810,403,1149,1
13811,2202,4354,1
13812,2202,2348,1
13813,2203,977,1
13815,2203,13999,1
13820,403,20772,0.925
13820,2203,1683,0.075
13825,403,3364,0.977
13825,2203,78,0.023
13826,2203,58,1
13827,2202,11759,1
13830,2203,5042,1
13832,2203,709,1
13833,2202,3330,0.783
13833,2203,925,0.217
13834,403,118,1
13835,1500,328,0.217
13835,2202,1183,0.783
13838,403,119,0.027
13838,2203,4290,0.973
13839,2203,1405,1
13841,1500,62,0.117
13841,2203,467,0.883
13842,2203,695,1
13843,403,871,0.461
13843,2203,1017,0.539
13844,2203,724,1
13845,2202,83,1
13846,2203,305,1
13847,2203,67,1
13849,403,3604,0.792
13849,2203,947,0.208
13850,2201,16601,0.754
13850,2202,5403,0.246
13856,2203,6596,1
13859,403,182,1
13860,2203,94,1
13861,403,432,1
13862,1500,27,0.006
13862,2202,4162,0.994
13863,1500,688,1
13864,2202,844,0.735
13864,2300,305,0.265
13865,2202,97,0.015
13865,2203,6274,0.985
13901,2201,9186,0.465
13901,2202,10587,0.535
13902,2201,6177,1
13903,2201,12318,0.657
13903,2202,6445,0.343
13904,2201,6079,0.635
13904,2202,2897,0.302
13904,2203,603,0.063
13905,2201,25048,0.894
13905,2202,2978,0.106
14001,1000,394,0.042
14001,1102,590,0.062
14001,1203,8480,0.896
14004,1000,147,0.012
14004,1203,11987,0.944
14004,1300,570,0.045
14005,1000,1986,1
14006,1207,9858,1
14008,1102,1467,1
14009,1300,5058,0.892
14009,2500,614,0.108
14011,1000,660,0.067
14011,1300,9162,0.933
14012,1102,2362,1
14013,1000,1724,0.985
14013,1203,27,0.015
14020,1000,23306,1
14024,1300,1637,0.97
14024,2500,51,0.03
14025,1207,3039,1
14026,1203,674,1
14028,1102,1595,1
14030,1207,1491,0.825
14030,1300,24,0.013
14030,2500,292,0.162
14031,1203,9392,1
14032,1203,7989,1
14033,1207,2219,1
14034,1207,2742,1
14035,1207,125,1
14036,1000,5201,1
14037,1203,126,0.108
14037,1207,32,0.027
14037,1300,1008,0.864
14039,1300,101,1
14040,1000,1858,0.838
14040,1300,359,0.162
14041,2500,237,1
14042,2500,3969,1
14043,1203,9034,0.365
14043,1204,15708,0.635
14047,1207,6440,1
14048,2600,15072,1
14051,1202,13521,0.692
14051,1203,6012,0.308
14052,1203,4435,0.256
14052,1207,12894,0.744
14054,1000,1319,0.981
14054,1300,25,0.019
14055,1207,1405,1
14057,1207,8116,1
14058,1000,2285,1
14059,1203,8933,1
14060,2500,443,1
14061,1207,349,1
14062,2600,3329,1
14063,2600,14870,1
14065,2500,1896,1
14066,1300,1318,1
14067,1102,5040,1
14068,1202,7150,1
14069,1207,844,1
14070,1207,3818,0.567
14070,2500,2914,0.433
14072,1201,20374,1
14075,1207,41937,1
14080,1207,4330,1
14081,1207,2035,0.658
14081,2500,67,0.022
14081,2600,993,0.321
14082,1300,426,1
14085,1207,7353,1
14086,1203,31847,1
14091,1207,1079,1
14092,1102,11086,1
14094,1101,66,0.001
14094,1102,50600,0.999
14098,1000,2958,1
14101,2500,1905,1
14102,1203,1281,1
14103,1000,11183,1
14105,1000,277,0.061
14105,1102,4289,0.939
14108,1102,5882,1
14109,1102,1117,1
14111,1207,3352,1
14112,1207,85,1
14113,1300,703,1
14120,1101,41823,0.927
14120,1102,3277,0.073
14125,1000,3782,1
14126,1102,588,1
14127,1203,291,0.01
14127,1207,29670,0.99
14129,2500,1591,1
14130,1300,265,1
14131,1102,5283,1
14132,1101,1415,0.228
14132,1102,4803,0.772
14134,1207,104,1
14135,2600,119,1
14136,2600,5033,1
14138,2500,1471,0.729
14138,2600,547,0.271
14139,1207,2125,1
14141,1207,7352,0.951
14141,2500,376,0.049
14143,1000,1214,1
14145,1207,48,0.03
14145,1300,1570,0.97
14150,1201,41676,1
14167,1300,1663,1
14168,2500,36,1
14169,1207,151,1
14170,1207,2286,1
14171,2500,2077,1
14172,1102,3200,1
14173,2500,396,1
14174,1102,5794,1
14201,1206,11549,1
14202,1205,1285,0.329
14202,1206,2626,0.671
14203,1205,1618,1
14204,1205,8691,1
14206,1204,5491,0.265
14206,1205,15260,0.735
14207,1201,886,0.038
14207,1206,22666,0.962
14208,1205,10911,0.981
14208,1206,214,0.019
14209,1205,2208,0.279
14209,1206,5718,0.721
14210,1204,1651,0.112
14210,1205,13043,0.888
14211,1204,2930,0.13
14211,1205,19681,0.87
14212,1204,3253,0.306
14212,1205,7388,0.694
14213,1206,24465,1
14214,1205,7829,0.396
14214,1206,11946,0.604
14215,1204,4912,0.123
14215,1205,35046,0.876
14215,1206,41,0.001
14216,1206,22431,1
14217,1201,23480,1
14218,1204,18655,0.98
14218,1205,38,0.002
14218,1207,346,0.018
14219,1204,587,0.051
14219,1207,10949,0.949
14220,1204,1745,0.072
14220,1205,22482,0.928
14221,1202,45631,0.852
14221,1203,7906,0.148
14221,1204,18,0
14222,1206,14046,1
14223,1201,22655,1
14223,1206,10,0
14224,1204,39662,0.994
14224,1207,227,0.006
14225,1202,240,0.007
14225,1204,33027,0.989
14225,1205,118,0.004
14226,1202,29254,1
14226,1204,13,0
14227,1204,23426,1
14228,1202,20857,1
14261,1202,5713,1
14301,1101,12817,1
14302,1101,107,1
14303,1101,5981,1
14304,1101,29752,0.979
14304,1102,637,0.021
14305,1101,16295,0.964
14305,1102,603,0.036
14411,1000,14491,1
14414,906,18,0.003
14414,1300,7124,0.997
14415,1400,132,1
14416,905,198,0.052
14416,1000,3619,0.948
14418,1400,1195,0.902
14418,2402,130,0.098
14420,905,19947,0.975
14420,1000,520,0.025
14422,1000,2468,1
14423,1300,4799,1
14424,1400,27007,1
14425,1400,10717,1
14427,1300,1964,1
14428,905,8096,1
14432,1400,5726,1
14433,800,4629,1
14435,1300,2941,1
14437,1300,10591,0.928
14437,2402,824,0.072
14441,1400,325,1
14445,906,8019,1
14450,800,22,0.001
14450,901,1686,0.041
14450,906,39396,0.958
14454,1300,11073,1
14456,800,1305,0.065
14456,1400,18782,0.935
14462,1300,655,1
14464,905,7382,0.981
14464,1000,142,0.019
14466,1300,751,0.437
14466,1400,968,0.563
14467,906,9105,1
14468,904,3409,0.191
14468,905,14404,0.809
14469,1400,6220,1
14470,905,181,0.023
14470,1000,7835,0.977
14471,1300,3,0.001
14471,1400,2669,0.999
14472,906,7781,0.905
14472,1300,465,0.054
14472,1400,352,0.041
14475,1400,234,1
14476,905,132,0.058
14476,1000,2156,0.942
14477,1000,1732,1
14478,1400,1595,1
14479,1000,275,1
14480,1300,833,1
14481,1300,1820,1
14482,905,40,0.005
14482,1000,8119,0.981
14482,1300,116,0.014
14485,1300,4075,0.955
14485,1400,192,0.045
14486,1300,308,1
14487,1300,5663,0.94
14487,1400,362,0.06
14489,800,7064,0.982
14489,1400,128,0.018
14502,800,10510,0.983
14502,901,52,0.005
14502,906,129,0.012
14504,1400,1701,1
14505,800,5393,1
14506,906,1325,1
14507,1400,1351,1
14510,1300,4895,1
14511,905,497,1
14512,1400,4456,0.944
14512,2402,265,0.056
14513,800,13651,0.977
14513,1400,325,0.023
14514,905,6389,1
14516,800,2365,1
14517,1300,2883,1
14519,800,11288,0.975
14519,901,293,0.025
14521,800,2761,1
14522,800,8653,0.905
14522,1400,912,0.095
14525,1000,2003,0.699
14525,1300,862,0.301
14526,901,17802,0.899
14526,906,2002,0.101
14527,1400,12820,1
14529,2402,67,1
14530,1300,5575,1
14532,800,218,0.049
14532,1400,4213,0.951
14533,1300,2000,1
14534,906,31050,0.988
14534,1400,376,0.012
14536,1300,502,0.731
14536,2500,185,0.269
14537,1400,207,1
14539,1300,242,1
14541,800,4129,1
14542,800,97,1
14543,906,3152,1
14544,1400,2101,1
14545,1300,173,1
14546,905,4695,1
14548,1400,4249,1
14549,1300,91,1
14550,1300,1537,1
14551,800,5651,1
14555,800,974,1
14559,904,831,0.046
14559,905,17226,0.954
14560,1300,1322,0.611
14560,1400,842,0.389
14561,1400,3086,1
14564,906,212,0.015
14564,1400,14275,0.985
14568,800,6048,1
14569,1300,6211,1
14571,1000,1176,1
14572,1300,946,0.186
14572,2402,4135,0.814
14580,800,75,0.001
14580,901,50512,0.999
14585,1400,120,1
14586,906,10256,1
14588,800,749,1
14589,800,7854,1
14590,800,5446,1
14591,1000,132,0.076
14591,1300,1616,0.924
14592,1300,110,1
14604,903,1743,1
14605,902,11987,0.951
14605,903,623,0.049
14606,903,11533,0.408
14606,904,16722,0.592
14607,902,15431,0.951
14607,903,792,0.049
14608,903,12268,1
14609,901,14174,0.333
14609,902,28188,0.662
14609,906,209,0.005
14610,902,8038,0.565
14610,906,6195,0.435
14611,903,17396,1
14612,903,8112,0.235
14612,904,26403,0.765
14613,903,14730,1
14614,903,1224,1
14615,903,8697,0.54
14615,904,7402,0.46
14616,903,863,0.03
14616,904,27671,0.97
14617,901,22789,1
14618,902,148,0.006
14618,906,22772,0.994
14619,903,14749,1
14620,902,13281,0.528
14620,903,7253,0.288
14620,906,4607,0.183
14621,901,2670,0.079
14621,902,31132,0.921
14622,901,12108,1
14623,905,978,0.036
14623,906,26195,0.964
14624,904,12105,0.334
14624,905,24191,0.666
14625,901,8536,0.822
14625,906,1851,0.178
14626,904,29952,0.997
14626,905,89,0.003
14627,903,2320,1
14701,2600,40730,1
14706,2500,6356,1
14707,2500,239,1
14708,2500,183,1
14709,2500,1535,1
14710,2600,3540,1
14711,2500,1766,1
14712,2600,3342,1
14714,2500,487,1
14715,2500,2747,1
14716,2600,3104,1
14717,2500,636,1
14718,2600,2163,1
14719,2500,3497,1
14720,2600,675,1
14721,2500,230,1
14722,2600,153,1
14723,2600,1295,1
14724,2600,2540,1
14726,2500,1852,0.859
14726,2600,304,0.141
14727,2500,5450,1
14728,2600,1031,1
14729,2500,948,1
14731,2500,1576,1
14732,2600,211,1
14733,2600,3833,1
14735,1300,17,0.006
14735,2500,2734,0.994
14736,2600,282,1
14737,2500,4252,1
14738,2500,264,0.072
14738,2600,3387,0.928
14739,2500,2903,1
14740,2600,1431,1
14741,2500,1873,1
14742,2600,314,1
14743,2500,1783,1
14744,2500,2094,1
14747,2500,198,0.087
14747,2600,2091,0.913
14748,2500,746,1
14750,2600,4426,1
14752,2600,169,1
14753,2500,1166,1
14754,2500,667,1
14755,2500,2916,1
14756,2600,110,1
14757,2600,3487,1
14760,2500,18775,1
14767,2600,2088,1
14769,2600,919,1
14770,2500,2963,1
14772,2500,4255,1
14774,2500,151,1
14775,2600,2537,1
14777,2500,667,1
14778,2500,1453,1
14779,2500,6932,1
14781,2600,2225,1
14782,2600,2401,1
14783,2500,320,1
14784,2600,1033,1
14787,2600,5121,1
14788,2500,163,1
14801,2401,147,0.027
14801,2402,5328,0.973
14802,2500,4135,1
14803,2402,71,0.06
14803,2500,1103,0.94
14804,2402,4,0.003
14804,2500,1475,0.997
14805,2402,1100,1
14806,2402,156,0.069
14806,2500,2113,0.931
14807,2402,2507,0.815
14807,2500,569,0.185
14808,2402,591,1
14809,2402,2552,1
14810,2402,12356,1
14812,2402,3478,1
14813,2500,2520,1
14814,2401,1931,1
14815,2402,946,1
14816,2401,445,0.856
14816,2402,75,0.144
14817,2202,105,0.044
14817,2300,2275,0.956
14818,2402,1745,1
14819,2402,733,1
14820,2402,784,1
14821,2402,3314,1
14822,1300,51,0.044
14822,2500,1118,0.956
14823,2402,3754,1
14824,2402,678,1
14825,2401,919,1
14826,2402,2216,1
14827,2401,191,1
14830,2401,17219,0.867
14830,2402,2631,0.133
14836,1300,800,0.793
14836,2500,209,0.207
14837,1400,4486,0.794
14837,2402,1162,0.206
14838,2401,229,0.117
14838,2402,1727,0.883
14839,2402,793,1
14840,2402,3061,1
14841,800,107,0.117
14841,2402,808,0.883
14842,1400,938,1
14843,2402,12989,0.996
14843,2500,54,0.004
14845,2401,17535,0.857
14845,2402,2918,0.143
14846,1300,645,0.814
14846,2500,147,0.186
14847,800,2398,1
14850,2300,63886,1
14853,2300,2755,1
14854,2300,37,1
14855,2402,956,1
14856,2402,215,1
14858,2402,1598,1
14859,2202,716,0.696
14859,2401,284,0.276
14859,2402,29,0.028
14860,800,1039,1
14861,2401,1256,0.895
14861,2402,148,0.105
14864,2402,1307,1
14865,2402,2607,1
14867,2300,5569,1
14869,2402,1378,1
14870,2401,7916,0.806
14870,2402,1905,0.194
14871,2401,4946,0.907
14871,2402,510,0.093
14872,2402,605,1
14873,2402,2448,1
14874,2402,250,1
14877,2402,396,0.988
14877,2500,5,0.012
14878,1400,217,0.278
14878,2402,564,0.722
14879,2402,2398,1
14880,2500,1668,1
14881,2300,192,1
14882,2300,3826,1
14883,2202,3255,0.787
14883,2300,881,0.213
14884,2500,273,1
14885,2402,873,1
14886,800,666,0.099
14886,2300,4367,0.647
14886,2402,1720,0.255
14889,2202,10,0.006
14889,2402,1580,0.994
14891,2402,4149,1
14892,2202,7433,0.908
14892,2401,756,0.092
14893,2402,6,1
14894,2401,1454,1
14895,2500,9616,1
14897,2402,19,0.019
14897,2500,961,0.981
14898,2402,1734,1
14901,2401,16736,1
14903,2401,7567,1
14904,2401,16269,1
14905,2401,9070,1
99999,3806,25,1
